Farm: 1,Farm: 2,Farm: 3,Farm: 4,Farm: 5,Farm: 6,Farm: 7,Farm: 8,Farm: 9
Farm: 1,Farm: 2,Farm: 3,Farm: 4,Farm: 5,Farm: 6,Farm: 7,Farm: 8,Farm: 9
Farm: 1,Farm: 2,Farm: 3,Farm: 4,Farm: 5,Farm: 6,Farm: 7,Farm: 8,Farm: 9
Farm: 1,Farm: 2,Farm: 3,Farm: 4,Farm: 5,Farm: 6,Farm: 7,Farm: 8,Farm: 9
Farm: 1,Farm: 2,Farm: 3,Farm: 4,Farm: 5,Farm: 6,Farm: 7,Farm: 8,Farm: 9
Farm: 1,Farm: 2,Farm: 3,Farm: 4,Farm: 5,Farm: 6,Farm: 7,Farm: 8,Farm: 9
Farm: 1,Farm: 2,Farm: 3,Farm: 4,Farm: 5,Farm: 6,Farm: 7,Farm: 8,Farm: 9
Farm: 1,Farm: 2,Farm: 3,Farm: 4,Farm: 5,Farm: 6,Farm: 7,Farm: 8,Farm: 9
Farm: 1,Farm: 2,Farm: 3,Farm: 4,Farm: 5,Farm: 6,Farm: 7,Farm: 8,Farm: 9
Farm: 1,Farm: 2,Farm: 3,Farm: 4,Farm: 5,Farm: 6,Farm: 7,Farm: 8,Farm: 9
Farm: 1,Farm: 2,Farm: 3,Farm: 4,Farm: 5,Farm: 6,Farm: 7,Farm: 8,Farm: 9
Farm: 1,Farm: 2,Farm: 3,Farm: 4,Farm: 5,Farm: 6,Farm: 7,Farm: 8,Farm: 9
Farm: 1,Farm: 2,Farm: 3,Farm: 4,Farm: 5,Farm: 6,Farm: 7,Farm: 8,Farm: 9
Farm: 1,Farm: 2,Farm: 3,Farm: 4,Farm: 5,Farm: 6,Farm: 7,Farm: 8,Farm: 9
Farm: 1,Farm: 2,Farm: 3,Farm: 4,Farm: 5,Farm: 6,Farm: 7,Farm: 8,Farm: 9
Farm: 1,Farm: 2,Farm: 3,Farm: 4,Farm: 5,Farm: 6,Farm: 7,Farm: 8,Farm: 9
Farm: 1,Farm: 2,Farm: 3,Farm: 4,Farm: 5,Farm: 6
Farm: 1,Farm: 2,Farm: 3,Farm: 4,Farm: 5,Farm: 6
Farm: 1,Farm: 2,Farm: 3,Farm: 4,Farm: 5,Farm: 6
Farm: 1,Farm: 2,Farm: 3,Farm: 4,Farm: 5,Farm: 6
Farm: 1,Farm: 2,Farm: 3,Farm: 4,Farm: 5,Farm: 6
Farm: 1,Farm: 2,Farm: 3,Farm: 4,Farm: 5,Farm: 6
Farm: 1,Farm: 2,Farm: 3,Farm: 4,Farm: 5,Farm: 6
Farm: 1,Farm: 2,Farm: 3,Farm: 4,Farm: 5,Farm: 6,Farm: 7,Farm: 8,Farm: 9
Farm: 1,Farm: 2,Farm: 3,Farm: 4,Farm: 5,Farm: 6,Farm: 7,Farm: 8,Farm: 9
Farm: 1,Farm: 2,Farm: 3,Farm: 4,Farm: 5,Farm: 6,Farm: 7,Farm: 8,Farm: 9
Farm: 1,Farm: 2,Farm: 3,Farm: 4,Farm: 5,Farm: 6,Farm: 7,Farm: 8,Farm: 9
Farm: 1,Farm: 2,Farm: 3,Farm: 4,Farm: 5,Farm: 6,Farm: 7,Farm: 8,Farm: 9
Farm: 1,Farm: 2,Farm: 3,Farm: 4,Farm: 5,Farm: 6,Farm: 7,Farm: 8,Farm: 9
Farm: 1,Farm: 2,Farm: 3,Farm: 4,Farm: 5,Farm: 6,Farm: 7,Farm: 8,Farm: 9
Farm: 1,Farm: 2,Farm: 3,Farm: 4,Farm: 5,Farm: 6,Farm: 7,Farm: 8,Farm: 9
Farm: 1,Farm: 2,Farm: 3,Farm: 4,Farm: 5,Farm: 6,Farm: 7,Farm: 8,Farm: 9
Farm: 1,Farm: 2,Farm: 3,Farm: 4,Farm: 5,Farm: 6,Farm: 7,Farm: 8,Farm: 9
Farm: 1,Farm: 2,Farm: 3,Farm: 4,Farm: 5,Farm: 6,Farm: 7,Farm: 8,Farm: 9
Farm: 1,Farm: 2,Farm: 3,Farm: 4,Farm: 5,Farm: 6,Farm: 7,Farm: 8,Farm: 9
Farm: 1,Farm: 2,Farm: 3,Farm: 4,Farm: 5,Farm: 6
Farm: 1,Farm: 2,Farm: 3,Farm: 4,Farm: 5,Farm: 6
Farm: 1,Farm: 2,Farm: 3,Farm: 4,Farm: 5,Farm: 6
Farm: 1,Farm: 2,Farm: 3,Farm: 4,Farm: 5,Farm: 6
Farm: 1,Farm: 2,Farm: 3,Farm: 4,Farm: 5,Farm: 6
Farm: 1,Farm: 2,Farm: 3,Farm: 4,Farm: 5,Farm: 6
Farm: 1,Farm: 2,Farm: 3,Farm: 4,Farm: 5,Farm: 6
Farm: 1,Farm: 2,Farm: 3,Farm: 4,Farm: 5,Farm: 6
Farm: 1,Farm: 2,Farm: 3,Farm: 4,Farm: 5,Farm: 6
Farm: 1,Farm: 2,Farm: 3,Farm: 4,Farm: 5,Farm: 6
Farm: 1,Farm: 2,Farm: 3,Farm: 4,Farm: 5,Farm: 6
Farm: 1,Farm: 2,Farm: 3,Farm: 4,Farm: 5,Farm: 6
Farm: 1,Farm: 2,Farm: 3,Farm: 4,Farm: 5,Farm: 6
Farm: 1,Farm: 2,Farm: 3,Farm: 4,Farm: 5,Farm: 6
Farm: 1,Farm: 2,Farm: 3,Farm: 4,Farm: 5,Farm: 6
Farm: 1,Farm: 2,Farm: 3,Farm: 4,Farm: 5,Farm: 6
Farm: 1,Farm: 2,Farm: 3,Farm: 4,Farm: 5,Farm: 6
Farm: 1,Farm: 2,Farm: 3,Farm: 4,Farm: 5,Farm: 6
Farm: 1,Farm: 2,Farm: 3,Farm: 4,Farm: 5,Farm: 6
Farm: 1,Farm: 2,Farm: 3,Farm: 4,Farm: 5,Farm: 6
Farm: 1,Farm: 2,Farm: 3,Farm: 4,Farm: 5,Farm: 6
Farm: 1,Farm: 2,Farm: 3,Farm: 4,Farm: 5,Farm: 6
Farm: 1,Farm: 2,Farm: 3,Farm: 4,Farm: 5,Farm: 6
Farm: 1,Farm: 2,Farm: 3,Farm: 4,Farm: 5,Farm: 6
Farm: 1,Farm: 2,Farm: 3,Farm: 4,Farm: 5,Farm: 6
Farm: 1,Farm: 2,Farm: 3,Farm: 4,Farm: 5,Farm: 6
Farm: 1,Farm: 2,Farm: 3,Farm: 4,Farm: 5,Farm: 6
Farm: 1,Farm: 2,Farm: 3,Farm: 4,Farm: 5,Farm: 6
Farm: 1,Farm: 2,Farm: 3,Farm: 4,Farm: 5,Farm: 6
Farm: 1,Farm: 2,Farm: 3,Farm: 4,Farm: 5,Farm: 6
Farm: 1,Farm: 2,Farm: 3,Farm: 4,Farm: 5,Farm: 6
Farm: 1,Farm: 2,Farm: 3,Farm: 4,Farm: 5,Farm: 6
Farm: 1,Farm: 2,Farm: 3,Farm: 4,Farm: 5,Farm: 6
Farm: 1,Farm: 2,Farm: 3,Farm: 4,Farm: 5,Farm: 6
Farm: 1,Farm: 2,Farm: 3,Farm: 4,Farm: 5,Farm: 6
Farm: 1,Farm: 2,Farm: 3,Farm: 4,Farm: 5,Farm: 6
Farm: 1,Farm: 2,Farm: 3,Farm: 4,Farm: 5,Farm: 6
Farm: 1,Farm: 2,Farm: 3,Farm: 4,Farm: 5,Farm: 6
Farm: 1,Farm: 2,Farm: 3,Farm: 4,Farm: 5,Farm: 6
Farm: 1,Farm: 2,Farm: 3,Farm: 4,Farm: 5,Farm: 6
Farm: 1,Farm: 2,Farm: 3,Farm: 4,Farm: 5,Farm: 6
Farm: 1,Farm: 2,Farm: 3,Farm: 4,Farm: 5,Farm: 6
Farm: 1,Farm: 2,Farm: 3,Farm: 4,Farm: 5,Farm: 6
Farm: 1,Farm: 2,Farm: 3,Farm: 4,Farm: 5,Farm: 6
Farm: 1,Farm: 2,Farm: 3,Farm: 4,Farm: 5,Farm: 6
Farm: 1,Farm: 2,Farm: 3,Farm: 4,Farm: 5,Farm: 6
Farm: 1,Farm: 2,Farm: 3,Farm: 4,Farm: 5,Farm: 6
Farm: 1,Farm: 2,Farm: 3,Farm: 4,Farm: 5,Farm: 6
Farm: 1,Farm: 2,Farm: 3,Farm: 4,Farm: 5,Farm: 6
Farm: 1,Farm: 2,Farm: 3,Farm: 4,Farm: 5,Farm: 6
Farm: 1,Farm: 2,Farm: 3,Farm: 4,Farm: 5,Farm: 6
Farm: 1,Farm: 2,Farm: 3,Farm: 4,Farm: 5,Farm: 6
Farm: 1,Farm: 2,Farm: 3,Farm: 4,Farm: 5,Farm: 6
Farm: 1,Farm: 2,Farm: 3,Farm: 4,Farm: 5,Farm: 6
Farm: 1,Farm: 2,Farm: 3,Farm: 4,Farm: 5,Farm: 6
Farm: 1,Farm: 2,Farm: 3,Farm: 4,Farm: 5,Farm: 6
Farm: 1,Farm: 2,Farm: 3,Farm: 4,Farm: 5,Farm: 6
Farm: 1,Farm: 2,Farm: 3,Farm: 4,Farm: 5,Farm: 6
Farm: 1,Farm: 2,Farm: 3,Farm: 4,Farm: 5,Farm: 6
Farm: 1,Farm: 2,Farm: 3,Farm: 4,Farm: 5,Farm: 6
Farm: 1,Farm: 2,Farm: 3,Farm: 4,Farm: 5,Farm: 6
Farm: 1,Farm: 2,Farm: 3,Farm: 4,Farm: 5,Farm: 6
Farm: 1,Farm: 2,Farm: 3,Farm: 4,Farm: 5,Farm: 6
Farm: 1,Farm: 2,Farm: 3,Farm: 4,Farm: 5,Farm: 6
Farm: 1,Farm: 2,Farm: 3,Farm: 4,Farm: 5,Farm: 6
Farm: 1,Farm: 2,Farm: 3,Farm: 4,Farm: 5,Farm: 6
Farm: 1,Farm: 2,Farm: 3,Farm: 4,Farm: 5,Farm: 6
Farm: 1,Farm: 2,Farm: 3,Farm: 4,Farm: 5,Farm: 6
Farm: 1,Farm: 2,Farm: 3,Farm: 4,Farm: 5,Farm: 6
Farm: 1,Farm: 2,Farm: 3,Farm: 4,Farm: 5,Farm: 6
Farm: 1,Farm: 2,Farm: 3,Farm: 4,Farm: 5,Farm: 6
Farm: 1,Farm: 2,Farm: 3,Farm: 4,Farm: 5,Farm: 6
Farm: 1,Farm: 2,Farm: 3,Farm: 4,Farm: 5,Farm: 6
Farm: 1,Farm: 2,Farm: 3,Farm: 4,Farm: 5,Farm: 6
Farm: 1,Farm: 2,Farm: 3,Farm: 4,Farm: 5,Farm: 6
Farm: 1,Farm: 2,Farm: 3,Farm: 4,Farm: 5,Farm: 6
Farm: 1,Farm: 2,Farm: 3,Farm: 4,Farm: 5,Farm: 6
Farm: 1,Farm: 2,Farm: 3,Farm: 4,Farm: 5,Farm: 6
Farm: 1,Farm: 2,Farm: 3,Farm: 4,Farm: 5,Farm: 6
Farm: 1,Farm: 2,Farm: 3,Farm: 4,Farm: 5,Farm: 6
Farm: 1,Farm: 2,Farm: 3,Farm: 4,Farm: 5,Farm: 6
Farm: 1,Farm: 2,Farm: 3,Farm: 4,Farm: 5,Farm: 6
Farm: 1,Farm: 2,Farm: 3,Farm: 4,Farm: 5,Farm: 6
Farm: 1,Farm: 2,Farm: 3,Farm: 4,Farm: 5,Farm: 6
Farm: 1,Farm: 2,Farm: 3,Farm: 4,Farm: 5,Farm: 6
Farm: 1,Farm: 2,Farm: 3,Farm: 4,Farm: 5,Farm: 6
Farm: 1,Farm: 2,Farm: 3,Farm: 4,Farm: 5,Farm: 6
Farm: 1,Farm: 2,Farm: 3,Farm: 4,Farm: 5,Farm: 6
Farm: 1,Farm: 2,Farm: 3,Farm: 4,Farm: 5,Farm: 6
Farm: 1,Farm: 2,Farm: 3,Farm: 4,Farm: 5,Farm: 6
Farm: 1,Farm: 2,Farm: 3,Farm: 4,Farm: 5,Farm: 6
Farm: 1,Farm: 2,Farm: 3,Farm: 4,Farm: 5,Farm: 6
Farm: 1,Farm: 2,Farm: 3,Farm: 4,Farm: 5,Farm: 6
Farm: 1,Farm: 2,Farm: 3,Farm: 4,Farm: 5,Farm: 6
Farm: 1,Farm: 2,Farm: 3,Farm: 4,Farm: 5,Farm: 6
Farm: 1,Farm: 2,Farm: 3,Farm: 4,Farm: 5,Farm: 6
Farm: 1,Farm: 2,Farm: 3,Farm: 4,Farm: 5,Farm: 6
Farm: 1,Farm: 2,Farm: 3,Farm: 4,Farm: 5,Farm: 6
Farm: 1,Farm: 2,Farm: 3,Farm: 4,Farm: 5,Farm: 6
Farm: 1,Farm: 2,Farm: 3,Farm: 4,Farm: 5,Farm: 6
Farm: 1,Farm: 2,Farm: 3,Farm: 4,Farm: 5,Farm: 6
Farm: 1,Farm: 2,Farm: 3,Farm: 4,Farm: 5,Farm: 6
Farm: 1,Farm: 2,Farm: 3,Farm: 4,Farm: 5,Farm: 6
Farm: 1,Farm: 2,Farm: 3,Farm: 4,Farm: 5,Farm: 6
